1,1,25,8,8,10,10,10,10,39,39,39,39,39,39,39,1,6,39,6,6,6,1,1,1,1,1,1
IMAGE_WIDTH,IMAGE_HEIGHT,FACET_SIZE,DEFORMATION_COUNT,TEST_CASE,VARIANT,LWS0,LWS1,LWS_SUB,FACET_COUNT,DATASIZE,Total time [ms],Kernel time [ms],Status,Result Group
128,96,21,100,0,0,1,1,1,24,1,41.119,41.08,SUCCESS,1
128,96,21,100,0,0,2,1,1,24,1,27.91,27.858,SUCCESS,-1
128,96,21,100,0,0,3,1,1,24,1,28.08,28.035,SUCCESS,-1
128,96,21,100,0,0,4,1,1,24,1,26.347,26.305,SUCCESS,-1
128,96,21,100,0,0,5,1,1,24,1,14.26,14.229,SUCCESS,-1
128,96,21,100,0,0,6,1,1,24,1,16.416,16.383,SUCCESS,-1
128,96,21,100,0,0,7,1,1,24,1,13.389,13.355,SUCCESS,-1
128,96,21,100,0,0,8,1,1,24,1,18.264,18.222,SUCCESS,-1
128,96,21,100,0,1,1,1,1,24,1,42.004,41.967,SUCCESS,-1
128,96,21,100,0,1,2,1,1,24,1,25.753,25.716,SUCCESS,-1
128,96,21,100,0,1,3,1,1,24,1,19.932,19.901,SUCCESS,-1
128,96,21,100,0,1,4,1,1,24,1,15.596,15.563,SUCCESS,-1
128,96,21,100,0,1,5,1,1,24,1,14.345,14.308,SUCCESS,-1
128,96,21,100,0,1,6,1,1,24,1,13.321,13.288,SUCCESS,-1
128,96,21,100,0,1,7,1,1,24,1,14.079,14.046,SUCCESS,-1
128,96,21,100,0,1,8,1,1,24,1,12.472,12.438,SUCCESS,-1
128,96,21,100,0,2,1,1,1,24,104,176.01,48.036,SUCCESS,-1
128,96,21,100,0,2,2,1,1,24,104,73.876,31.89,SUCCESS,-1
128,96,21,100,0,2,4,1,1,24,104,61.025,24.924,SUCCESS,-1
128,96,21,100,0,2,8,1,1,24,104,57.895,22.69,SUCCESS,-1
128,96,21,100,0,2,16,1,1,24,104,68.962,26.511,SUCCESS,-1
128,96,21,100,0,2,32,1,1,24,104,69.472,26.261,SUCCESS,-1
128,96,21,100,0,2,64,1,1,24,104,68.627,26.574,SUCCESS,-1
128,96,21,100,0,2,128,1,1,24,104,67.945,27.635,SUCCESS,-1
128,96,21,100,0,2,256,1,1,24,104,70.218,27.618,SUCCESS,-1
128,96,21,100,0,2,512,1,1,24,104,78.139,27.421,SUCCESS,-1
128,96,21,100,0,3,1,1,1,24,183,229.322,147.952,SUCCESS,-1
128,96,21,100,0,3,2,1,1,24,183,177.613,108.01,SUCCESS,-1
128,96,21,100,0,3,4,1,1,24,183,159.943,93.125,SUCCESS,-1
128,96,21,100,0,3,8,1,1,24,183,159.123,96.13,SUCCESS,-1
128,96,21,100,0,3,16,1,1,24,183,182.58,115.897,SUCCESS,-1
128,96,21,100,0,3,32,1,1,24,183,185.37,116.301,SUCCESS,-1
128,96,21,100,0,3,64,1,1,24,183,189.937,114.155,SUCCESS,-1
128,96,21,100,0,3,128,1,1,24,183,206.115,126.979,SUCCESS,-1
128,96,21,100,0,3,256,1,1,24,183,199.153,118.855,SUCCESS,-1
128,96,21,100,0,3,512,1,1,24,183,221.639,118.024,SUCCESS,-1
128,96,21,100,0,4,1,1,1,24,194,156.682,49.12,SUCCESS,-1
128,96,21,100,0,4,2,1,1,24,194,74.354,32.576,SUCCESS,-1
128,96,21,100,0,4,4,1,1,24,194,57.214,25.336,SUCCESS,-1
128,96,21,100,0,4,8,1,1,24,194,52.704,23.298,SUCCESS,-1
128,96,21,100,0,4,16,1,1,24,194,65.995,26.326,SUCCESS,-1
128,96,21,100,0,4,32,1,1,24,194,56.836,26.515,SUCCESS,-1
128,96,21,100,0,4,64,1,1,24,194,57.034,26.524,SUCCESS,-1
128,96,21,100,0,4,128,1,1,24,194,57.593,27.454,SUCCESS,-1
128,96,21,100,0,4,256,1,1,24,194,60.276,27.379,SUCCESS,-1
128,96,21,100,0,4,512,1,1,24,194,60.808,27.529,SUCCESS,-1
128,96,21,100,0,5,1,1,1,24,194,181.837,143.802,SUCCESS,-1
128,96,21,100,0,5,2,1,1,24,194,141.657,108.406,SUCCESS,-1
128,96,21,100,0,5,4,1,1,24,194,133.117,95.102,SUCCESS,-1
128,96,21,100,0,5,8,1,1,24,194,134.926,100.191,SUCCESS,-1
128,96,21,100,0,5,16,1,1,24,194,150.144,117.663,SUCCESS,-1
128,96,21,100,0,5,32,1,1,24,194,150.067,118.392,SUCCESS,-1
128,96,21,100,0,5,64,1,1,24,194,148.682,118.681,SUCCESS,-1
128,96,21,100,0,5,128,1,1,24,194,157.277,119.201,SUCCESS,-1
128,96,21,100,0,5,256,1,1,24,194,163.492,121.719,SUCCESS,-1
128,96,21,100,0,5,512,1,1,24,194,155.311,117.743,SUCCESS,-1
128,96,21,100,0,6,1,16,1,24,194,70.349,42.944,SUCCESS,-1
128,96,21,100,0,6,1,32,1,24,194,74.308,42.402,SUCCESS,-1
128,96,21,100,0,6,1,64,1,24,194,68.126,39.146,SUCCESS,-1
128,96,21,100,0,6,1,128,1,24,194,66.602,37.403,SUCCESS,-1
128,96,21,100,0,6,1,256,1,24,194,68.299,37.528,SUCCESS,-1
128,96,21,100,0,6,1,512,1,24,194,68.055,38.232,SUCCESS,-1
128,96,21,100,0,6,2,8,1,24,194,81.704,44.296,SUCCESS,-1
128,96,21,100,0,6,2,16,1,24,194,86.312,43.817,SUCCESS,-1
128,96,21,100,0,6,2,32,1,24,194,84.869,43.511,SUCCESS,-1
128,96,21,100,0,6,2,64,1,24,194,71.448,40.61,SUCCESS,-1
128,96,21,100,0,6,2,128,1,24,194,67.122,35.987,SUCCESS,-1
128,96,21,100,0,6,2,256,1,24,194,67.632,35.889,SUCCESS,-1
128,96,21,100,0,6,4,4,1,24,194,79.422,46.335,SUCCESS,-1
128,96,21,100,0,6,4,8,1,24,194,78.608,46.134,SUCCESS,-1
128,96,21,100,0,6,4,16,1,24,194,84.605,45.6,SUCCESS,-1
128,96,21,100,0,6,4,32,1,24,194,73.899,44.885,SUCCESS,-1
128,96,21,100,0,6,4,64,1,24,194,71.891,41.863,SUCCESS,-1
128,96,21,100,0,6,4,128,1,24,194,71.237,38.718,SUCCESS,-1
128,96,21,100,0,6,8,2,1,24,194,109.457,49.209,SUCCESS,-1
128,96,21,100,0,6,8,4,1,24,194,89.147,49.024,SUCCESS,-1
128,96,21,100,0,6,8,8,1,24,194,75.94,49.112,SUCCESS,-1
128,96,21,100,0,6,8,16,1,24,194,79.124,47.897,SUCCESS,-1
128,96,21,100,0,6,8,32,1,24,194,75.645,47.624,SUCCESS,-1
128,96,21,100,0,6,8,64,1,24,194,78.451,47.689,SUCCESS,-1
128,96,21,100,0,6,16,1,1,24,194,82.892,51.46,SUCCESS,-1
128,96,21,100,0,6,16,2,1,24,194,85.324,49.064,SUCCESS,-1
128,96,21,100,0,6,16,4,1,24,194,88.419,50.311,SUCCESS,-1
128,96,21,100,0,6,16,8,1,24,194,80.168,49.53,SUCCESS,-1
128,96,21,100,0,6,16,16,1,24,194,78.752,47.813,SUCCESS,-1
128,96,21,100,0,6,16,32,1,24,194,79.386,48.379,SUCCESS,-1
128,96,21,100,0,6,32,1,1,24,194,90.492,50.518,SUCCESS,-1
128,96,21,100,0,6,32,2,1,24,194,79.66,49.223,SUCCESS,-1
128,96,21,100,0,6,32,4,1,24,194,81.544,48.129,SUCCESS,-1
128,96,21,100,0,6,32,8,1,24,194,79.023,47.638,SUCCESS,-1
128,96,21,100,0,6,32,16,1,24,194,76.077,45.612,SUCCESS,-1
128,96,21,100,0,6,64,1,1,24,194,80.974,50.335,SUCCESS,-1
128,96,21,100,0,6,64,2,1,24,194,77.716,48.901,SUCCESS,-1
128,96,21,100,0,6,64,4,1,24,194,86.102,49.74,SUCCESS,-1
128,96,21,100,0,6,64,8,1,24,194,72.039,40.584,SUCCESS,-1
128,96,21,100,0,7,1,16,1,24,194,85.026,53.405,SUCCESS,-1
128,96,21,100,0,7,1,32,1,24,194,88.239,53.029,SUCCESS,-1
128,96,21,100,0,7,1,64,1,24,194,77.681,49.177,SUCCESS,-1
128,96,21,100,0,7,1,128,1,24,194,81.264,47.095,SUCCESS,-1
128,96,21,100,0,7,1,256,1,24,194,76.939,47.961,SUCCESS,-1
128,96,21,100,0,7,1,512,1,24,194,72.46,48.013,SUCCESS,-1
128,96,21,100,0,7,2,8,1,24,194,88.298,55.373,SUCCESS,-1
128,96,21,100,0,7,2,16,1,24,194,85.213,54.728,SUCCESS,-1
128,96,21,100,0,7,2,32,1,24,194,86.806,54.426,SUCCESS,-1
128,96,21,100,0,7,2,64,1,24,194,83.106,52.148,SUCCESS,-1
128,96,21,100,0,7,2,128,1,24,194,77.122,42.114,SUCCESS,-1
128,96,21,100,0,7,2,256,1,24,194,-0,-0,FAIL,0
128,96,21,100,0,7,4,4,1,24,194,88.911,58.269,SUCCESS,-1
128,96,21,100,0,7,4,8,1,24,194,88.574,57.688,SUCCESS,-1
128,96,21,100,0,7,4,16,1,24,194,88.655,57.179,SUCCESS,-1
128,96,21,100,0,7,4,32,1,24,194,87.063,56.112,SUCCESS,-1
128,96,21,100,0,7,4,64,1,24,194,82.321,52.717,SUCCESS,-1
128,96,21,100,0,7,4,128,1,24,194,77.835,47.049,SUCCESS,-1
128,96,21,100,0,7,8,2,1,24,194,92.083,61.451,SUCCESS,-1
128,96,21,100,0,7,8,4,1,24,194,94.588,61.076,SUCCESS,-1
128,96,21,100,0,7,8,8,1,24,194,90.386,60.575,SUCCESS,-1
128,96,21,100,0,7,8,16,1,24,194,88.466,59.047,SUCCESS,-1
128,96,21,100,0,7,8,32,1,24,194,87.271,58.23,SUCCESS,-1
128,96,21,100,0,7,8,64,1,24,194,86.985,58.392,SUCCESS,-1
128,96,21,100,0,7,16,1,1,24,194,86.432,56.362,SUCCESS,-1
128,96,21,100,0,7,16,2,1,24,194,85.543,56.286,SUCCESS,-1
128,96,21,100,0,7,16,4,1,24,194,86.919,56.317,SUCCESS,-1
128,96,21,100,0,7,16,8,1,24,194,87.019,54.764,SUCCESS,-1
128,96,21,100,0,7,16,16,1,24,194,85.048,54.445,SUCCESS,-1
128,96,21,100,0,7,16,32,1,24,194,84.834,52.694,SUCCESS,-1
128,96,21,100,0,7,32,1,1,24,194,85.968,55.835,SUCCESS,-1
128,96,21,100,0,7,32,2,1,24,194,85.522,54.637,SUCCESS,-1
128,96,21,100,0,7,32,4,1,24,194,83.659,55.543,SUCCESS,-1
128,96,21,100,0,7,32,8,1,24,194,85.637,55.191,SUCCESS,-1
128,96,21,100,0,7,32,16,1,24,194,84.282,52.511,SUCCESS,-1
128,96,21,100,0,7,64,1,1,24,194,87.748,57.53,SUCCESS,-1
128,96,21,100,0,7,64,2,1,24,194,90.152,56.833,SUCCESS,-1
128,96,21,100,0,7,64,4,1,24,194,86.448,54.575,SUCCESS,-1
128,96,21,100,0,7,64,8,1,24,194,73.429,44.953,SUCCESS,-1
128,96,21,100,0,8,1,16,1,24,194,69.171,52.655,SUCCESS,-1
128,96,21,100,0,8,1,32,1,24,194,69.054,52.379,SUCCESS,-1
128,96,21,100,0,8,1,64,1,24,194,61.162,48.839,SUCCESS,-1
128,96,21,100,0,8,1,128,1,24,194,64.761,47.474,SUCCESS,-1
128,96,21,100,0,8,1,256,1,24,194,62.609,47.973,SUCCESS,-1
128,96,21,100,0,8,1,512,1,24,194,64.27,47.621,SUCCESS,-1
128,96,21,100,0,8,2,8,1,24,194,70.372,53.742,SUCCESS,-1
128,96,21,100,0,8,2,16,1,24,194,69.135,53.274,SUCCESS,-1
128,96,21,100,0,8,2,32,1,24,194,69.522,53.035,SUCCESS,-1
128,96,21,100,0,8,2,64,1,24,194,61.561,51.087,SUCCESS,-1
128,96,21,100,0,8,2,128,1,24,194,56.924,39.582,SUCCESS,-1
128,96,21,100,0,8,2,256,1,24,194,60.625,44.031,SUCCESS,-1
128,96,21,100,0,8,4,4,1,24,194,69.745,54.984,SUCCESS,-1
128,96,21,100,0,8,4,8,1,24,194,71.233,55.188,SUCCESS,-1
128,96,21,100,0,8,4,16,1,24,194,69.861,54.295,SUCCESS,-1
128,96,21,100,0,8,4,32,1,24,194,70.919,53.833,SUCCESS,-1
128,96,21,100,0,8,4,64,1,24,194,67.624,50.817,SUCCESS,-1
128,96,21,100,0,8,4,128,1,24,194,62.846,46.218,SUCCESS,-1
128,96,21,100,0,8,8,2,1,24,194,69.074,56.731,SUCCESS,-1
128,96,21,100,0,8,8,4,1,24,194,73.663,56.693,SUCCESS,-1
128,96,21,100,0,8,8,8,1,24,194,71.861,56.645,SUCCESS,-1
128,96,21,100,0,8,8,16,1,24,194,71.534,55.706,SUCCESS,-1
128,96,21,100,0,8,8,32,1,24,194,72.807,54.72,SUCCESS,-1
128,96,21,100,0,8,8,64,1,24,194,71.81,54.926,SUCCESS,-1
128,96,21,100,0,8,16,1,1,24,194,69.209,49.347,SUCCESS,-1
128,96,21,100,0,8,16,2,1,24,194,67.81,51.007,SUCCESS,-1
128,96,21,100,0,8,16,4,1,24,194,66.271,49.042,SUCCESS,-1
128,96,21,100,0,8,16,8,1,24,194,65.009,48.231,SUCCESS,-1
128,96,21,100,0,8,16,16,1,24,194,65.665,48.66,SUCCESS,-1
128,96,21,100,0,8,16,32,1,24,194,63.019,49.152,SUCCESS,-1
128,96,21,100,0,8,32,1,1,24,194,66.995,49.867,SUCCESS,-1
128,96,21,100,0,8,32,2,1,24,194,66.836,50.04,SUCCESS,-1
128,96,21,100,0,8,32,4,1,24,194,63.945,48.439,SUCCESS,-1
128,96,21,100,0,8,32,8,1,24,194,64.424,47.789,SUCCESS,-1
128,96,21,100,0,8,32,16,1,24,194,62.944,46.524,SUCCESS,-1
128,96,21,100,0,8,64,1,1,24,194,62.528,50.407,SUCCESS,-1
128,96,21,100,0,8,64,2,1,24,194,66.451,50.886,SUCCESS,-1
128,96,21,100,0,8,64,4,1,24,194,60.091,46.891,SUCCESS,-1
128,96,21,100,0,8,64,8,1,24,194,55.768,39.153,SUCCESS,-1
128,96,21,100,0,9,1,16,1,24,194,132.627,89.206,SUCCESS,-1
128,96,21,100,0,9,1,32,1,24,194,132.358,89.338,SUCCESS,-1
128,96,21,100,0,9,1,64,1,24,194,126.262,83.84,SUCCESS,-1
128,96,21,100,0,9,1,128,1,24,194,124.784,81.12,SUCCESS,-1
128,96,21,100,0,9,1,256,1,24,194,124.395,81.25,SUCCESS,-1
128,96,21,100,0,9,1,512,1,24,194,123.126,80.194,SUCCESS,-1
128,96,21,100,0,9,2,8,1,24,194,108.712,89.451,SUCCESS,-1
128,96,21,100,0,9,2,16,1,24,194,130.049,89.165,SUCCESS,-1
128,96,21,100,0,9,2,32,1,24,194,131.036,88.623,SUCCESS,-1
128,96,21,100,0,9,2,64,1,24,194,126.328,85.394,SUCCESS,-1
128,96,21,100,0,9,2,128,1,24,194,114.311,72.628,SUCCESS,-1
128,96,21,100,0,9,2,256,1,24,194,119.292,76.457,SUCCESS,-1
128,96,21,100,0,9,4,4,1,24,194,105.118,90.327,SUCCESS,-1
128,96,21,100,0,9,4,8,1,24,194,110.337,90.328,SUCCESS,-1
128,96,21,100,0,9,4,16,1,24,194,132.766,89.717,SUCCESS,-1
128,96,21,100,0,9,4,32,1,24,194,132.182,89.291,SUCCESS,-1
128,96,21,100,0,9,4,64,1,24,194,127.353,84.355,SUCCESS,-1
128,96,21,100,0,9,4,128,1,24,194,122.602,78.936,SUCCESS,-1
128,96,21,100,0,9,8,2,1,24,194,110.51,91.662,SUCCESS,-1
128,96,21,100,0,9,8,4,1,24,194,110.846,91.449,SUCCESS,-1
128,96,21,100,0,9,8,8,1,24,194,109.992,91.152,SUCCESS,-1
128,96,21,100,0,9,8,16,1,24,194,129.126,90.558,SUCCESS,-1
128,96,21,100,0,9,8,32,1,24,194,132.584,89.854,SUCCESS,-1
128,96,21,100,0,9,8,64,1,24,194,130.45,89.631,SUCCESS,-1
128,96,21,100,0,9,16,1,1,24,194,97.471,79.478,SUCCESS,-1
128,96,21,100,0,9,16,2,1,24,194,98.818,79.721,SUCCESS,-1
128,96,21,100,0,9,16,4,1,24,194,98.77,80.17,SUCCESS,-1
128,96,21,100,0,9,16,8,1,24,194,102.811,78.552,SUCCESS,-1
128,96,21,100,0,9,16,16,1,24,194,121.714,79.03,SUCCESS,-1
128,96,21,100,0,9,16,32,1,24,194,123.556,79.687,SUCCESS,-1
128,96,21,100,0,9,32,1,1,24,194,95.284,78.557,SUCCESS,-1
128,96,21,100,0,9,32,2,1,24,194,97.835,79.228,SUCCESS,-1
128,96,21,100,0,9,32,4,1,24,194,96.721,79.355,SUCCESS,-1
128,96,21,100,0,9,32,8,1,24,194,109.489,78.318,SUCCESS,-1
128,96,21,100,0,9,32,16,1,24,194,114.654,75.034,SUCCESS,-1
128,96,21,100,0,9,64,1,1,24,194,96.088,77.372,SUCCESS,-1
128,96,21,100,0,9,64,2,1,24,194,93.954,74.937,SUCCESS,-1
128,96,21,100,0,9,64,4,1,24,194,92.602,75.45,SUCCESS,-1
128,96,21,100,0,9,64,8,1,24,194,103.749,65.438,SUCCESS,-1
128,96,21,100,0,10,1,16,1,24,194,82.021,52.584,SUCCESS,-1
128,96,21,100,0,10,1,32,1,24,194,83.788,52.488,SUCCESS,-1
128,96,21,100,0,10,1,64,1,24,194,80.384,48.678,SUCCESS,-1
128,96,21,100,0,10,1,128,1,24,194,79.008,47.448,SUCCESS,-1
128,96,21,100,0,10,1,256,1,24,194,79.347,47.7,SUCCESS,-1
128,96,21,100,0,10,1,512,1,24,194,74.13,47.268,SUCCESS,-1
128,96,21,100,0,10,2,8,1,24,194,83.381,52.561,SUCCESS,-1
128,96,21,100,0,10,2,16,1,24,194,83.349,52.577,SUCCESS,-1
128,96,21,100,0,10,2,32,1,24,194,83.216,52.381,SUCCESS,-1
128,96,21,100,0,10,2,64,1,24,194,83.621,50.248,SUCCESS,-1
128,96,21,100,0,10,2,128,1,24,194,70.925,39.104,SUCCESS,-1
128,96,21,100,0,10,2,256,1,24,194,-0,-0,FAIL,0
128,96,21,100,0,10,4,4,1,24,194,82.616,52.848,SUCCESS,-1
128,96,21,100,0,10,4,8,1,24,194,79.795,52.587,SUCCESS,-1
128,96,21,100,0,10,4,16,1,24,194,84.858,52.901,SUCCESS,-1
128,96,21,100,0,10,4,32,1,24,194,83.097,52.741,SUCCESS,-1
128,96,21,100,0,10,4,64,1,24,194,79.822,49.635,SUCCESS,-1
128,96,21,100,0,10,4,128,1,24,194,74.699,44.904,SUCCESS,-1
128,96,21,100,0,10,8,2,1,24,194,83.858,53.057,SUCCESS,-1
128,96,21,100,0,10,8,4,1,24,194,83.575,52.962,SUCCESS,-1
128,96,21,100,0,10,8,8,1,24,194,84.286,52.651,SUCCESS,-1
128,96,21,100,0,10,8,16,1,24,194,85.085,52.515,SUCCESS,-1
128,96,21,100,0,10,8,32,1,24,194,81.498,52.175,SUCCESS,-1
128,96,21,100,0,10,8,64,1,24,194,83.936,52.028,SUCCESS,-1
128,96,21,100,0,10,16,1,1,24,194,71.122,42.792,SUCCESS,-1
128,96,21,100,0,10,16,2,1,24,194,71.579,42.379,SUCCESS,-1
128,96,21,100,0,10,16,4,1,24,194,72.011,42.792,SUCCESS,-1
128,96,21,100,0,10,16,8,1,24,194,74.875,44.112,SUCCESS,-1
128,96,21,100,0,10,16,16,1,24,194,75.058,44.379,SUCCESS,-1
128,96,21,100,0,10,16,32,1,24,194,78.363,44.928,SUCCESS,-1
128,96,21,100,0,10,32,1,1,24,194,71.614,41.111,SUCCESS,-1
128,96,21,100,0,10,32,2,1,24,194,71.821,40.716,SUCCESS,-1
128,96,21,100,0,10,32,4,1,24,194,71.848,41.124,SUCCESS,-1
128,96,21,100,0,10,32,8,1,24,194,71.721,40.553,SUCCESS,-1
128,96,21,100,0,10,32,16,1,24,194,78.017,39.841,SUCCESS,-1
128,96,21,100,0,10,64,1,1,24,194,70.793,39.735,SUCCESS,-1
128,96,21,100,0,10,64,2,1,24,194,69.108,38.137,SUCCESS,-1
128,96,21,100,0,10,64,4,1,24,194,66.817,35.878,SUCCESS,-1
128,96,21,100,0,10,64,8,1,24,194,64.365,33.661,SUCCESS,-1
128,96,21,100,0,11,1,16,1,24,194,61.871,47.829,SUCCESS,-1
128,96,21,100,0,11,1,32,1,24,194,65.672,47.552,SUCCESS,-1
128,96,21,100,0,11,1,64,1,24,194,49.532,38.706,SUCCESS,-1
128,96,21,100,0,11,1,128,1,24,194,48.193,32.23,SUCCESS,-1
128,96,21,100,0,11,1,256,1,24,194,51.902,34.346,SUCCESS,-1
128,96,21,100,0,11,1,512,1,24,194,52.955,35.88,SUCCESS,-1
128,96,21,100,0,11,2,8,1,24,194,56.82,40.029,SUCCESS,-1
128,96,21,100,0,11,2,16,1,24,194,56.035,38.49,SUCCESS,-1
128,96,21,100,0,11,2,32,1,24,194,56.146,38.343,SUCCESS,-1
128,96,21,100,0,11,2,64,1,24,194,44.289,29.548,SUCCESS,-1
128,96,21,100,0,11,2,128,1,24,194,43.615,26.756,SUCCESS,-1
128,96,21,100,0,11,2,256,1,24,194,48.444,32.387,SUCCESS,-1
128,96,21,100,0,11,4,4,1,24,194,63.69,53,SUCCESS,-1
128,96,21,100,0,11,4,8,1,24,194,63.679,53.193,SUCCESS,-1
128,96,21,100,0,11,4,16,1,24,194,69.939,52.827,SUCCESS,-1
128,96,21,100,0,11,4,32,1,24,194,67.939,50.676,SUCCESS,-1
128,96,21,100,0,11,4,64,1,24,194,48.432,35.108,SUCCESS,-1
128,96,21,100,0,11,4,128,1,24,194,46.829,28.645,SUCCESS,-1
128,96,21,100,0,11,8,2,1,24,194,71.125,54.079,SUCCESS,-1
128,96,21,100,0,11,8,4,1,24,194,70.188,53.791,SUCCESS,-1
128,96,21,100,0,11,8,8,1,24,194,65.409,54.356,SUCCESS,-1
128,96,21,100,0,11,8,16,1,24,194,71.503,54.475,SUCCESS,-1
128,96,21,100,0,11,8,32,1,24,194,66.73,52.436,SUCCESS,-1
128,96,21,100,0,11,8,64,1,24,194,64.178,51.651,SUCCESS,-1
128,96,21,100,0,11,16,1,1,24,194,65.558,47.772,SUCCESS,-1
128,96,21,100,0,11,16,2,1,24,194,65.522,48.965,SUCCESS,-1
128,96,21,100,0,11,16,4,1,24,194,65.176,48.466,SUCCESS,-1
128,96,21,100,0,11,16,8,1,24,194,64.475,48.144,SUCCESS,-1
128,96,21,100,0,11,16,16,1,24,194,64.687,48.061,SUCCESS,-1
128,96,21,100,0,11,16,32,1,24,194,75.292,49.058,SUCCESS,-1
128,96,21,100,0,11,32,1,1,24,194,64.283,46.82,SUCCESS,-1
128,96,21,100,0,11,32,2,1,24,194,62.563,47.231,SUCCESS,-1
128,96,21,100,0,11,32,4,1,24,194,63.413,46.705,SUCCESS,-1
128,96,21,100,0,11,32,8,1,24,194,63.493,46.336,SUCCESS,-1
128,96,21,100,0,11,32,16,1,24,194,58.716,43.577,SUCCESS,-1
128,96,21,100,0,11,64,1,1,24,194,59.372,43.748,SUCCESS,-1
128,96,21,100,0,11,64,2,1,24,194,65.414,43.411,SUCCESS,-1
128,96,21,100,0,11,64,4,1,24,194,59.406,42.822,SUCCESS,-1
128,96,21,100,0,11,64,8,1,24,194,54.285,37.7,SUCCESS,-1
128,96,21,100,0,12,1,16,1,24,194,68.965,52.006,SUCCESS,-1
128,96,21,100,0,12,1,32,1,24,194,64.296,51.839,SUCCESS,-1
128,96,21,100,0,12,1,64,1,24,194,65.543,48.124,SUCCESS,-1
128,96,21,100,0,12,1,128,1,24,194,63.653,46.491,SUCCESS,-1
128,96,21,100,0,12,1,256,1,24,194,76.889,47.095,SUCCESS,-1
128,96,21,100,0,12,1,512,1,24,194,78.778,46.302,SUCCESS,-1
128,96,21,100,0,12,2,8,1,24,194,69.125,52.78,SUCCESS,-1
128,96,21,100,0,12,2,16,1,24,194,66.487,52.653,SUCCESS,-1
128,96,21,100,0,12,2,32,1,24,194,70.661,52.433,SUCCESS,-1
128,96,21,100,0,12,2,64,1,24,194,67.752,49.993,SUCCESS,-1
128,96,21,100,0,12,2,128,1,24,194,56.402,38.496,SUCCESS,-1
128,96,21,100,0,12,2,256,1,24,194,70.909,43.405,SUCCESS,-1
128,96,21,100,0,12,4,4,1,24,194,70.769,53.996,SUCCESS,-1
128,96,21,100,0,12,4,8,1,24,194,71.586,54.502,SUCCESS,-1
128,96,21,100,0,12,4,16,1,24,194,69.68,53.671,SUCCESS,-1
128,96,21,100,0,12,4,32,1,24,194,65.926,53.218,SUCCESS,-1
128,96,21,100,0,12,4,64,1,24,194,66.186,50.307,SUCCESS,-1
128,96,21,100,0,12,4,128,1,24,194,73.366,45.465,SUCCESS,-1
128,96,21,100,0,12,8,2,1,24,194,73.28,56.256,SUCCESS,-1
128,96,21,100,0,12,8,4,1,24,194,72.695,56.462,SUCCESS,-1
128,96,21,100,0,12,8,8,1,24,194,72.876,55.858,SUCCESS,-1
128,96,21,100,0,12,8,16,1,24,194,75.502,54.858,SUCCESS,-1
128,96,21,100,0,12,8,32,1,24,194,71.662,54.273,SUCCESS,-1
128,96,21,100,0,12,8,64,1,24,194,70.227,54.036,SUCCESS,-1
128,96,21,100,0,12,16,1,1,24,194,64.496,48.403,SUCCESS,-1
128,96,21,100,0,12,16,2,1,24,194,65.176,48.476,SUCCESS,-1
128,96,21,100,0,12,16,4,1,24,194,65.527,48.013,SUCCESS,-1
128,96,21,100,0,12,16,8,1,24,194,65.128,48.263,SUCCESS,-1
128,96,21,100,0,12,16,16,1,24,194,63.493,48.485,SUCCESS,-1
128,96,21,100,0,12,16,32,1,24,194,66.772,49.209,SUCCESS,-1
128,96,21,100,0,12,32,1,1,24,194,65.769,49.161,SUCCESS,-1
128,96,21,100,0,12,32,2,1,24,194,66.016,49.117,SUCCESS,-1
128,96,21,100,0,12,32,4,1,24,194,67.205,50.082,SUCCESS,-1
128,96,21,100,0,12,32,8,1,24,194,65.751,47.899,SUCCESS,-1
128,96,21,100,0,12,32,16,1,24,194,62.775,46.825,SUCCESS,-1
128,96,21,100,0,12,64,1,1,24,194,67.445,50.046,SUCCESS,-1
128,96,21,100,0,12,64,2,1,24,194,65.632,49.019,SUCCESS,-1
128,96,21,100,0,12,64,4,1,24,194,61.564,44.932,SUCCESS,-1
128,96,21,100,0,12,64,8,1,24,194,50.711,33.955,SUCCESS,-1
128,96,21,100,0,13,1,1,1,24,194,-0,-0,FAIL,0
128,96,21,100,0,14,16,1,1,24,194,54.622,26.916,SUCCESS,-1
128,96,21,100,0,14,32,1,1,24,194,70.819,43.142,SUCCESS,-1
128,96,21,100,0,14,64,1,1,24,194,91.477,64.457,SUCCESS,-1
128,96,21,100,0,14,128,1,1,24,194,96.771,67.975,SUCCESS,-1
128,96,21,100,0,14,256,1,1,24,194,94.305,64.764,SUCCESS,-1
128,96,21,100,0,14,512,1,1,24,194,90.005,60.84,SUCCESS,-1
128,96,21,100,0,15,1,16,1,24,194,75.986,47.969,SUCCESS,-1
128,96,21,100,0,15,1,32,1,24,194,76.772,46.717,SUCCESS,-1
128,96,21,100,0,15,1,64,1,24,194,67.889,38.239,SUCCESS,-1
128,96,21,100,0,15,1,128,1,24,194,63.092,33.338,SUCCESS,-1
128,96,21,100,0,15,1,256,1,24,194,63.141,33.939,SUCCESS,-1
128,96,21,100,0,15,1,512,1,24,194,63.546,34.139,SUCCESS,-1
128,96,21,100,0,15,2,8,1,24,194,76.591,46.473,SUCCESS,-1
128,96,21,100,0,15,2,16,1,24,194,76.078,47.276,SUCCESS,-1
128,96,21,100,0,15,2,32,1,24,194,72.906,42.977,SUCCESS,-1
128,96,21,100,0,15,2,64,1,24,194,70.466,40.546,SUCCESS,-1
128,96,21,100,0,15,2,128,1,24,194,59.771,31.841,SUCCESS,-1
128,96,21,100,0,15,2,256,1,24,194,67.643,38.188,SUCCESS,-1
128,96,21,100,0,15,4,4,1,24,194,79.786,49.932,SUCCESS,-1
128,96,21,100,0,15,4,8,1,24,194,79.951,49.947,SUCCESS,-1
128,96,21,100,0,15,4,16,1,24,194,79.468,50.211,SUCCESS,-1
128,96,21,100,0,15,4,32,1,24,194,79.199,48.624,SUCCESS,-1
128,96,21,100,0,15,4,64,1,24,194,71.354,40.968,SUCCESS,-1
128,96,21,100,0,15,4,128,1,24,194,68.136,36.954,SUCCESS,-1
128,96,21,100,0,15,8,2,1,24,194,80.435,50.168,SUCCESS,-1
128,96,21,100,0,15,8,4,1,24,194,80.331,50.392,SUCCESS,-1
128,96,21,100,0,15,8,8,1,24,194,77.817,50.28,SUCCESS,-1
128,96,21,100,0,15,8,16,1,24,194,80.789,50.57,SUCCESS,-1
128,96,21,100,0,15,8,32,1,24,194,79.438,49.377,SUCCESS,-1
128,96,21,100,0,15,8,64,1,24,194,78.868,49.028,SUCCESS,-1
128,96,21,100,0,15,16,1,1,24,194,70.981,40.875,SUCCESS,-1
128,96,21,100,0,15,16,2,1,24,194,70.494,40.55,SUCCESS,-1
128,96,21,100,0,15,16,4,1,24,194,69.876,40.28,SUCCESS,-1
128,96,21,100,0,15,16,8,1,24,194,70.351,42.197,SUCCESS,-1
128,96,21,100,0,15,16,16,1,24,194,73.663,43.196,SUCCESS,-1
128,96,21,100,0,15,16,32,1,24,194,73.907,43.997,SUCCESS,-1
128,96,21,100,0,15,32,1,1,24,194,69.733,38.702,SUCCESS,-1
128,96,21,100,0,15,32,2,1,24,194,69.512,38.766,SUCCESS,-1
128,96,21,100,0,15,32,4,1,24,194,69.131,38.994,SUCCESS,-1
128,96,21,100,0,15,32,8,1,24,194,66.331,38.97,SUCCESS,-1
128,96,21,100,0,15,32,16,1,24,194,65.827,37.423,SUCCESS,-1
128,96,21,100,0,15,64,1,1,24,194,67.969,35.814,SUCCESS,-1
128,96,21,100,0,15,64,2,1,24,194,62.437,35.196,SUCCESS,-1
128,96,21,100,0,15,64,4,1,24,194,63.975,33.426,SUCCESS,-1
128,96,21,100,0,15,64,8,1,24,194,57.968,31.374,SUCCESS,-1
128,96,21,100,0,16,16,1,1,24,194,64.305,24.032,SUCCESS,-1
128,96,21,100,0,16,32,1,1,24,194,67.612,31.247,SUCCESS,-1
128,96,21,100,0,16,64,1,1,24,194,80.042,48.642,SUCCESS,-1
128,96,21,100,0,16,128,1,1,24,194,79.987,52.078,SUCCESS,-1
128,96,21,100,0,16,256,1,1,24,194,69.028,46.455,SUCCESS,-1
128,96,21,100,0,16,512,1,1,24,194,63.786,42.124,SUCCESS,-1
128,96,21,100,0,17,16,1,1,24,194,41.236,27.084,SUCCESS,-1
128,96,21,100,0,17,32,1,1,24,194,57.193,43.641,SUCCESS,-1
128,96,21,100,0,17,64,1,1,24,194,74.371,63.91,SUCCESS,-1
128,96,21,100,0,17,128,1,1,24,194,79.98,67.852,SUCCESS,-1
128,96,21,100,0,17,256,1,1,24,194,78.099,65.736,SUCCESS,-1
128,96,21,100,0,17,512,1,1,24,194,71.438,58.992,SUCCESS,-1
128,96,21,100,0,18,16,1,1,24,194,44.767,25.829,SUCCESS,-1
128,96,21,100,0,18,32,1,1,24,194,50.768,33.973,SUCCESS,-1
128,96,21,100,0,18,64,1,1,24,194,69.502,51.739,SUCCESS,-1
128,96,21,100,0,18,128,1,1,24,194,69.515,52.648,SUCCESS,-1
128,96,21,100,0,18,256,1,1,24,194,62.954,45.971,SUCCESS,-1
128,96,21,100,0,18,512,1,1,24,194,61.617,44.899,SUCCESS,-1
128,96,21,100,0,19,1,128,24,24,194,51.554,34.115,SUCCESS,-1
128,96,21,100,0,20,1,128,24,24,194,49.079,31.922,SUCCESS,-1
128,96,21,100,0,21,1,128,24,24,194,41.045,36.862,SUCCESS,-1
128,96,21,100,0,22,1,128,24,24,194,38.73,34.169,SUCCESS,-1
128,96,21,100,0,23,112,1,24,24,194,52.973,48.885,SUCCESS,-1
128,96,21,100,0,24,112,1,24,24,194,55.017,50.807,SUCCESS,-1
