1,1,25,8,8,11,11,11,11,46,46,46,46,46,46,46,1,4,46,4,4,4,1,1,1,1,1,1
IMAGE_WIDTH,IMAGE_HEIGHT,FACET_SIZE,DEFORMATION_COUNT,TEST_CASE,VARIANT,LWS0,LWS1,LWS_SUB,FACET_COUNT,DATASIZE,Total time [ms],Kernel time [ms],Status,Result Group
128,96,21,100,0,0,1,1,1,24,1,37.778,37.748,SUCCESS,1
128,96,21,100,0,0,2,1,1,24,1,25.485,25.455,SUCCESS,-1
128,96,21,100,0,0,3,1,1,24,1,21.995,21.956,SUCCESS,-1
128,96,21,100,0,0,4,1,1,24,1,19.738,19.708,SUCCESS,-1
128,96,21,100,0,0,5,1,1,24,1,19.749,19.725,SUCCESS,-1
128,96,21,100,0,0,6,1,1,24,1,19.893,19.867,SUCCESS,-1
128,96,21,100,0,0,7,1,1,24,1,15.672,15.644,SUCCESS,-1
128,96,21,100,0,0,8,1,1,24,1,20.142,20.116,SUCCESS,-1
128,96,21,100,0,1,1,1,1,24,1,37.795,37.772,SUCCESS,-1
128,96,21,100,0,1,2,1,1,24,1,25.673,25.642,SUCCESS,-1
128,96,21,100,0,1,3,1,1,24,1,19.407,19.38,SUCCESS,-1
128,96,21,100,0,1,4,1,1,24,1,15.942,15.916,SUCCESS,-1
128,96,21,100,0,1,5,1,1,24,1,14.078,14.053,SUCCESS,-1
128,96,21,100,0,1,6,1,1,24,1,17.021,16.996,SUCCESS,-1
128,96,21,100,0,1,7,1,1,24,1,15.856,15.832,SUCCESS,-1
128,96,21,100,0,1,8,1,1,24,1,13.873,13.847,SUCCESS,-1
128,96,21,100,0,2,1,1,1,24,104,8.312,6.632,SUCCESS,-1
128,96,21,100,0,2,2,1,1,24,104,8.205,6.65,SUCCESS,-1
128,96,21,100,0,2,4,1,1,24,104,8.731,7.163,SUCCESS,-1
128,96,21,100,0,2,8,1,1,24,104,5.49,3.804,SUCCESS,-1
128,96,21,100,0,2,16,1,1,24,104,4.512,3.006,SUCCESS,-1
128,96,21,100,0,2,32,1,1,24,104,4.885,3.309,SUCCESS,-1
128,96,21,100,0,2,64,1,1,24,104,17.438,15.665,SUCCESS,-1
128,96,21,100,0,2,128,1,1,24,104,11.047,9.321,SUCCESS,-1
128,96,21,100,0,2,256,1,1,24,104,11.415,9.667,SUCCESS,-1
128,96,21,100,0,2,512,1,1,24,104,11.914,9.941,SUCCESS,-1
128,96,21,100,0,2,1024,1,1,24,104,10.941,9.209,SUCCESS,-1
128,96,21,100,0,3,1,1,1,24,183,11.617,7.629,SUCCESS,-1
128,96,21,100,0,3,2,1,1,24,183,11.713,7.995,SUCCESS,-1
128,96,21,100,0,3,4,1,1,24,183,12.865,8.87,SUCCESS,-1
128,96,21,100,0,3,8,1,1,24,183,11.168,7.177,SUCCESS,-1
128,96,21,100,0,3,16,1,1,24,183,12.547,8.701,SUCCESS,-1
128,96,21,100,0,3,32,1,1,24,183,17.405,13.112,SUCCESS,-1
128,96,21,100,0,3,64,1,1,24,183,17.834,13.029,SUCCESS,-1
128,96,21,100,0,3,128,1,1,24,183,17.358,12.977,SUCCESS,-1
128,96,21,100,0,3,256,1,1,24,183,17.272,12.869,SUCCESS,-1
128,96,21,100,0,3,512,1,1,24,183,16.872,12.693,SUCCESS,-1
128,96,21,100,0,3,1024,1,1,24,183,16.686,12.66,SUCCESS,-1
128,96,21,100,0,4,1,1,1,24,194,8.182,7.413,SUCCESS,-1
128,96,21,100,0,4,2,1,1,24,194,7.414,6.699,SUCCESS,-1
128,96,21,100,0,4,4,1,1,24,194,7.705,6.98,SUCCESS,-1
128,96,21,100,0,4,8,1,1,24,194,3.751,3.06,SUCCESS,-1
128,96,21,100,0,4,16,1,1,24,194,3.703,2.97,SUCCESS,-1
128,96,21,100,0,4,32,1,1,24,194,4.341,3.594,SUCCESS,-1
128,96,21,100,0,4,64,1,1,24,194,6.058,5.328,SUCCESS,-1
128,96,21,100,0,4,128,1,1,24,194,9.635,8.842,SUCCESS,-1
128,96,21,100,0,4,256,1,1,24,194,9.537,8.814,SUCCESS,-1
128,96,21,100,0,4,512,1,1,24,194,9.563,8.844,SUCCESS,-1
128,96,21,100,0,4,1024,1,1,24,194,9.564,8.843,SUCCESS,-1
128,96,21,100,0,5,1,1,1,24,194,8.97,7.797,SUCCESS,-1
128,96,21,100,0,5,2,1,1,24,194,9.178,7.927,SUCCESS,-1
128,96,21,100,0,5,4,1,1,24,194,10.411,9.44,SUCCESS,-1
128,96,21,100,0,5,8,1,1,24,194,7.571,6.603,SUCCESS,-1
128,96,21,100,0,5,16,1,1,24,194,10.538,9.445,SUCCESS,-1
128,96,21,100,0,5,32,1,1,24,194,17.018,16.019,SUCCESS,-1
128,96,21,100,0,5,64,1,1,24,194,14.135,13.165,SUCCESS,-1
128,96,21,100,0,5,128,1,1,24,194,12.796,11.88,SUCCESS,-1
128,96,21,100,0,5,256,1,1,24,194,12.873,11.955,SUCCESS,-1
128,96,21,100,0,5,512,1,1,24,194,12.885,11.892,SUCCESS,-1
128,96,21,100,0,5,1024,1,1,24,194,12.715,11.836,SUCCESS,-1
128,96,21,100,0,6,1,16,1,24,194,7.808,7.214,SUCCESS,-1
128,96,21,100,0,6,1,32,1,24,194,8.22,7.5,SUCCESS,-1
128,96,21,100,0,6,1,64,1,24,194,8.458,7.727,SUCCESS,-1
128,96,21,100,0,6,1,128,1,24,194,7.957,7.287,SUCCESS,-1
128,96,21,100,0,6,1,256,1,24,194,8.774,8.122,SUCCESS,-1
128,96,21,100,0,6,1,512,1,24,194,8.159,7.376,SUCCESS,-1
128,96,21,100,0,6,1,1024,1,24,194,8.065,7.334,SUCCESS,-1
128,96,21,100,0,6,2,8,1,24,194,7.909,7.287,SUCCESS,-1
128,96,21,100,0,6,2,16,1,24,194,7.897,7.282,SUCCESS,-1
128,96,21,100,0,6,2,32,1,24,194,8.141,7.553,SUCCESS,-1
128,96,21,100,0,6,2,64,1,24,194,8.413,7.729,SUCCESS,-1
128,96,21,100,0,6,2,128,1,24,194,8.11,7.477,SUCCESS,-1
128,96,21,100,0,6,2,256,1,24,194,10.152,9.382,SUCCESS,-1
128,96,21,100,0,6,2,512,1,24,194,7.845,7.173,SUCCESS,-1
128,96,21,100,0,6,4,4,1,24,194,7.729,7.159,SUCCESS,-1
128,96,21,100,0,6,4,8,1,24,194,8.027,7.458,SUCCESS,-1
128,96,21,100,0,6,4,16,1,24,194,7.804,7.222,SUCCESS,-1
128,96,21,100,0,6,4,32,1,24,194,8.236,7.636,SUCCESS,-1
128,96,21,100,0,6,4,64,1,24,194,9.523,8.895,SUCCESS,-1
128,96,21,100,0,6,4,128,1,24,194,10.586,9.787,SUCCESS,-1
128,96,21,100,0,6,4,256,1,24,194,10.112,9.467,SUCCESS,-1
128,96,21,100,0,6,8,2,1,24,194,3.472,2.88,SUCCESS,-1
128,96,21,100,0,6,8,4,1,24,194,3.414,2.842,SUCCESS,-1
128,96,21,100,0,6,8,8,1,24,194,3.584,3.009,SUCCESS,-1
128,96,21,100,0,6,8,16,1,24,194,3.611,2.996,SUCCESS,-1
128,96,21,100,0,6,8,32,1,24,194,4.214,3.554,SUCCESS,-1
128,96,21,100,0,6,8,64,1,24,194,4.561,3.864,SUCCESS,-1
128,96,21,100,0,6,8,128,1,24,194,4.403,3.779,SUCCESS,-1
128,96,21,100,0,6,16,1,1,24,194,3.687,2.976,SUCCESS,-1
128,96,21,100,0,6,16,2,1,24,194,3.502,2.921,SUCCESS,-1
128,96,21,100,0,6,16,4,1,24,194,3.608,2.98,SUCCESS,-1
128,96,21,100,0,6,16,8,1,24,194,3.568,2.976,SUCCESS,-1
128,96,21,100,0,6,16,16,1,24,194,3.571,2.993,SUCCESS,-1
128,96,21,100,0,6,16,32,1,24,194,4.245,3.639,SUCCESS,-1
128,96,21,100,0,6,16,64,1,24,194,5.394,4.712,SUCCESS,-1
128,96,21,100,0,6,32,1,1,24,194,3.53,2.912,SUCCESS,-1
128,96,21,100,0,6,32,2,1,24,194,3.487,2.901,SUCCESS,-1
128,96,21,100,0,6,32,4,1,24,194,3.708,3.11,SUCCESS,-1
128,96,21,100,0,6,32,8,1,24,194,3.686,3.107,SUCCESS,-1
128,96,21,100,0,6,32,16,1,24,194,4.551,3.944,SUCCESS,-1
128,96,21,100,0,6,32,32,1,24,194,4.277,3.667,SUCCESS,-1
128,96,21,100,0,6,64,1,1,24,194,3.506,2.885,SUCCESS,-1
128,96,21,100,0,6,64,2,1,24,194,3.533,2.955,SUCCESS,-1
128,96,21,100,0,6,64,4,1,24,194,3.717,3.139,SUCCESS,-1
128,96,21,100,0,6,64,8,1,24,194,3.763,3.136,SUCCESS,-1
128,96,21,100,0,6,64,16,1,24,194,4.342,3.641,SUCCESS,-1
128,96,21,100,0,7,1,16,1,24,194,6.746,6,SUCCESS,-1
128,96,21,100,0,7,1,32,1,24,194,6.667,5.904,SUCCESS,-1
128,96,21,100,0,7,1,64,1,24,194,6.78,6.193,SUCCESS,-1
128,96,21,100,0,7,1,128,1,24,194,6.572,5.973,SUCCESS,-1
128,96,21,100,0,7,1,256,1,24,194,6.625,5.94,SUCCESS,-1
128,96,21,100,0,7,1,512,1,24,194,6.613,5.971,SUCCESS,-1
128,96,21,100,0,7,1,1024,1,24,194,6.356,5.738,SUCCESS,-1
128,96,21,100,0,7,2,8,1,24,194,6.723,5.951,SUCCESS,-1
128,96,21,100,0,7,2,16,1,24,194,6.815,6.077,SUCCESS,-1
128,96,21,100,0,7,2,32,1,24,194,6.849,6.224,SUCCESS,-1
128,96,21,100,0,7,2,64,1,24,194,6.897,6.274,SUCCESS,-1
128,96,21,100,0,7,2,128,1,24,194,6.376,5.746,SUCCESS,-1
128,96,21,100,0,7,2,256,1,24,194,6.686,6.049,SUCCESS,-1
128,96,21,100,0,7,2,512,1,24,194,6.506,5.896,SUCCESS,-1
128,96,21,100,0,7,4,4,1,24,194,6.518,5.833,SUCCESS,-1
128,96,21,100,0,7,4,8,1,24,194,7.06,6.389,SUCCESS,-1
128,96,21,100,0,7,4,16,1,24,194,6.693,5.955,SUCCESS,-1
128,96,21,100,0,7,4,32,1,24,194,7.192,6.466,SUCCESS,-1
128,96,21,100,0,7,4,64,1,24,194,8.315,7.664,SUCCESS,-1
128,96,21,100,0,7,4,128,1,24,194,8.63,7.961,SUCCESS,-1
128,96,21,100,0,7,4,256,1,24,194,8.263,7.675,SUCCESS,-1
128,96,21,100,0,7,8,2,1,24,194,3.856,3.073,SUCCESS,-1
128,96,21,100,0,7,8,4,1,24,194,3.684,2.967,SUCCESS,-1
128,96,21,100,0,7,8,8,1,24,194,3.721,3.035,SUCCESS,-1
128,96,21,100,0,7,8,16,1,24,194,3.739,3.115,SUCCESS,-1
128,96,21,100,0,7,8,32,1,24,194,4.575,3.798,SUCCESS,-1
128,96,21,100,0,7,8,64,1,24,194,4.798,4.213,SUCCESS,-1
128,96,21,100,0,7,8,128,1,24,194,4.531,3.915,SUCCESS,-1
128,96,21,100,0,7,16,1,1,24,194,3.836,3.14,SUCCESS,-1
128,96,21,100,0,7,16,2,1,24,194,3.879,3.18,SUCCESS,-1
128,96,21,100,0,7,16,4,1,24,194,3.821,3.106,SUCCESS,-1
128,96,21,100,0,7,16,8,1,24,194,3.695,3.106,SUCCESS,-1
128,96,21,100,0,7,16,16,1,24,194,3.765,3.098,SUCCESS,-1
128,96,21,100,0,7,16,32,1,24,194,5.179,4.41,SUCCESS,-1
128,96,21,100,0,7,16,64,1,24,194,5.648,5.051,SUCCESS,-1
128,96,21,100,0,7,32,1,1,24,194,3.987,3.229,SUCCESS,-1
128,96,21,100,0,7,32,2,1,24,194,3.802,3.092,SUCCESS,-1
128,96,21,100,0,7,32,4,1,24,194,3.916,3.272,SUCCESS,-1
128,96,21,100,0,7,32,8,1,24,194,3.897,3.272,SUCCESS,-1
128,96,21,100,0,7,32,16,1,24,194,4.309,3.72,SUCCESS,-1
128,96,21,100,0,7,32,32,1,24,194,4.344,3.716,SUCCESS,-1
128,96,21,100,0,7,64,1,1,24,194,3.991,3.213,SUCCESS,-1
128,96,21,100,0,7,64,2,1,24,194,3.747,3.113,SUCCESS,-1
128,96,21,100,0,7,64,4,1,24,194,3.834,3.269,SUCCESS,-1
128,96,21,100,0,7,64,8,1,24,194,3.959,3.299,SUCCESS,-1
128,96,21,100,0,7,64,16,1,24,194,4.455,3.767,SUCCESS,-1
128,96,21,100,0,8,1,16,1,24,194,13.077,11.739,SUCCESS,-1
128,96,21,100,0,8,1,32,1,24,194,24.268,11.649,SUCCESS,-1
128,96,21,100,0,8,1,64,1,24,194,13.341,12.098,SUCCESS,-1
128,96,21,100,0,8,1,128,1,24,194,12.718,11.541,SUCCESS,-1
128,96,21,100,0,8,1,256,1,24,194,12.566,11.438,SUCCESS,-1
128,96,21,100,0,8,1,512,1,24,194,13.431,12.283,SUCCESS,-1
128,96,21,100,0,8,1,1024,1,24,194,12.84,11.701,SUCCESS,-1
128,96,21,100,0,8,2,8,1,24,194,12.947,11.613,SUCCESS,-1
128,96,21,100,0,8,2,16,1,24,194,12.87,11.628,SUCCESS,-1
128,96,21,100,0,8,2,32,1,24,194,12.787,11.526,SUCCESS,-1
128,96,21,100,0,8,2,64,1,24,194,14.802,13.231,SUCCESS,-1
128,96,21,100,0,8,2,128,1,24,194,13.913,12.751,SUCCESS,-1
128,96,21,100,0,8,2,256,1,24,194,12.698,11.551,SUCCESS,-1
128,96,21,100,0,8,2,512,1,24,194,18.693,17.497,SUCCESS,-1
128,96,21,100,0,8,4,4,1,24,194,12.883,11.577,SUCCESS,-1
128,96,21,100,0,8,4,8,1,24,194,12.62,11.151,SUCCESS,-1
128,96,21,100,0,8,4,16,1,24,194,13.312,12.009,SUCCESS,-1
128,96,21,100,0,8,4,32,1,24,194,13.895,12.696,SUCCESS,-1
128,96,21,100,0,8,4,64,1,24,194,15.833,14.601,SUCCESS,-1
128,96,21,100,0,8,4,128,1,24,194,16.867,15.705,SUCCESS,-1
128,96,21,100,0,8,4,256,1,24,194,24.487,22.862,SUCCESS,-1
128,96,21,100,0,8,8,2,1,24,194,11.128,9.937,SUCCESS,-1
128,96,21,100,0,8,8,4,1,24,194,11.35,9.884,SUCCESS,-1
128,96,21,100,0,8,8,8,1,24,194,11.595,10.289,SUCCESS,-1
128,96,21,100,0,8,8,16,1,24,194,12.328,11.129,SUCCESS,-1
128,96,21,100,0,8,8,32,1,24,194,13.776,12.51,SUCCESS,-1
128,96,21,100,0,8,8,64,1,24,194,14.325,13.117,SUCCESS,-1
128,96,21,100,0,8,8,128,1,24,194,14.69,13.497,SUCCESS,-1
128,96,21,100,0,8,16,1,1,24,194,12.866,9.894,SUCCESS,-1
128,96,21,100,0,8,16,2,1,24,194,11.724,10.18,SUCCESS,-1
128,96,21,100,0,8,16,4,1,24,194,12.02,10.611,SUCCESS,-1
128,96,21,100,0,8,16,8,1,24,194,12.562,11.15,SUCCESS,-1
128,96,21,100,0,8,16,16,1,24,194,12.408,10.85,SUCCESS,-1
128,96,21,100,0,8,16,32,1,24,194,15.051,13.836,SUCCESS,-1
128,96,21,100,0,8,16,64,1,24,194,19.825,18.465,SUCCESS,-1
128,96,21,100,0,8,32,1,1,24,194,11.046,9.836,SUCCESS,-1
128,96,21,100,0,8,32,2,1,24,194,11.472,10.213,SUCCESS,-1
128,96,21,100,0,8,32,4,1,24,194,12.296,10.906,SUCCESS,-1
128,96,21,100,0,8,32,8,1,24,194,12.49,11.307,SUCCESS,-1
128,96,21,100,0,8,32,16,1,24,194,13.753,12.539,SUCCESS,-1
128,96,21,100,0,8,32,32,1,24,194,14.257,13.018,SUCCESS,-1
128,96,21,100,0,8,64,1,1,24,194,11.751,10.403,SUCCESS,-1
128,96,21,100,0,8,64,2,1,24,194,11.879,10.334,SUCCESS,-1
128,96,21,100,0,8,64,4,1,24,194,12.163,10.884,SUCCESS,-1
128,96,21,100,0,8,64,8,1,24,194,13.034,11.729,SUCCESS,-1
128,96,21,100,0,8,64,16,1,24,194,13.861,12.592,SUCCESS,-1
128,96,21,100,0,9,1,16,1,24,194,13.089,11.896,SUCCESS,-1
128,96,21,100,0,9,1,32,1,24,194,12.627,11.427,SUCCESS,-1
128,96,21,100,0,9,1,64,1,24,194,12.715,11.531,SUCCESS,-1
128,96,21,100,0,9,1,128,1,24,194,12.957,11.805,SUCCESS,-1
128,96,21,100,0,9,1,256,1,24,194,13.036,11.86,SUCCESS,-1
128,96,21,100,0,9,1,512,1,24,194,12.703,11.566,SUCCESS,-1
128,96,21,100,0,9,1,1024,1,24,194,13.083,11.833,SUCCESS,-1
128,96,21,100,0,9,2,8,1,24,194,13.362,12.12,SUCCESS,-1
128,96,21,100,0,9,2,16,1,24,194,12.977,11.846,SUCCESS,-1
128,96,21,100,0,9,2,32,1,24,194,12.42,11.289,SUCCESS,-1
128,96,21,100,0,9,2,64,1,24,194,12.816,11.569,SUCCESS,-1
128,96,21,100,0,9,2,128,1,24,194,12.715,11.56,SUCCESS,-1
128,96,21,100,0,9,2,256,1,24,194,12.708,11.583,SUCCESS,-1
128,96,21,100,0,9,2,512,1,24,194,13.997,12.798,SUCCESS,-1
128,96,21,100,0,9,4,4,1,24,194,12.27,11.121,SUCCESS,-1
128,96,21,100,0,9,4,8,1,24,194,13.159,12.021,SUCCESS,-1
128,96,21,100,0,9,4,16,1,24,194,12.917,11.68,SUCCESS,-1
128,96,21,100,0,9,4,32,1,24,194,13.736,12.599,SUCCESS,-1
128,96,21,100,0,9,4,64,1,24,194,14.821,13.682,SUCCESS,-1
128,96,21,100,0,9,4,128,1,24,194,16.483,15.299,SUCCESS,-1
128,96,21,100,0,9,4,256,1,24,194,16.42,15.286,SUCCESS,-1
128,96,21,100,0,9,8,2,1,24,194,11.208,10.067,SUCCESS,-1
128,96,21,100,0,9,8,4,1,24,194,11.772,10.187,SUCCESS,-1
128,96,21,100,0,9,8,8,1,24,194,11.656,10.448,SUCCESS,-1
128,96,21,100,0,9,8,16,1,24,194,11.421,10.291,SUCCESS,-1
128,96,21,100,0,9,8,32,1,24,194,14.113,12.883,SUCCESS,-1
128,96,21,100,0,9,8,64,1,24,194,14.548,13.317,SUCCESS,-1
128,96,21,100,0,9,8,128,1,24,194,17.137,15.942,SUCCESS,-1
128,96,21,100,0,9,16,1,1,24,194,10.934,9.84,SUCCESS,-1
128,96,21,100,0,9,16,2,1,24,194,11.109,9.961,SUCCESS,-1
128,96,21,100,0,9,16,4,1,24,194,11.477,10.264,SUCCESS,-1
128,96,21,100,0,9,16,8,1,24,194,11.349,10.205,SUCCESS,-1
128,96,21,100,0,9,16,16,1,24,194,11.517,10.299,SUCCESS,-1
128,96,21,100,0,9,16,32,1,24,194,15.071,13.887,SUCCESS,-1
128,96,21,100,0,9,16,64,1,24,194,17.895,16.601,SUCCESS,-1
128,96,21,100,0,9,32,1,1,24,194,11.158,10.038,SUCCESS,-1
128,96,21,100,0,9,32,2,1,24,194,11.237,10.093,SUCCESS,-1
128,96,21,100,0,9,32,4,1,24,194,12.122,10.938,SUCCESS,-1
128,96,21,100,0,9,32,8,1,24,194,12.084,10.845,SUCCESS,-1
128,96,21,100,0,9,32,16,1,24,194,13.902,12.713,SUCCESS,-1
128,96,21,100,0,9,32,32,1,24,194,13.68,12.478,SUCCESS,-1
128,96,21,100,0,9,64,1,1,24,194,12.58,11.389,SUCCESS,-1
128,96,21,100,0,9,64,2,1,24,194,11.258,10.08,SUCCESS,-1
128,96,21,100,0,9,64,4,1,24,194,11.997,10.803,SUCCESS,-1
128,96,21,100,0,9,64,8,1,24,194,12.016,10.87,SUCCESS,-1
128,96,21,100,0,9,64,16,1,24,194,16.114,14.785,SUCCESS,-1
128,96,21,100,0,10,1,16,1,24,194,12.62,11.208,SUCCESS,-1
128,96,21,100,0,10,1,32,1,24,194,12.657,11.498,SUCCESS,-1
128,96,21,100,0,10,1,64,1,24,194,12.509,11.353,SUCCESS,-1
128,96,21,100,0,10,1,128,1,24,194,13.011,11.786,SUCCESS,-1
128,96,21,100,0,10,1,256,1,24,194,12.872,11.684,SUCCESS,-1
128,96,21,100,0,10,1,512,1,24,194,14.604,13.362,SUCCESS,-1
128,96,21,100,0,10,1,1024,1,24,194,13.008,11.854,SUCCESS,-1
128,96,21,100,0,10,2,8,1,24,194,12.897,11.748,SUCCESS,-1
128,96,21,100,0,10,2,16,1,24,194,13.304,12.164,SUCCESS,-1
128,96,21,100,0,10,2,32,1,24,194,13.6,12.343,SUCCESS,-1
128,96,21,100,0,10,2,64,1,24,194,13.325,12.118,SUCCESS,-1
128,96,21,100,0,10,2,128,1,24,194,12.686,11.525,SUCCESS,-1
128,96,21,100,0,10,2,256,1,24,194,13.198,12.003,SUCCESS,-1
128,96,21,100,0,10,2,512,1,24,194,13.769,12.518,SUCCESS,-1
128,96,21,100,0,10,4,4,1,24,194,12.789,11.66,SUCCESS,-1
128,96,21,100,0,10,4,8,1,24,194,12.823,11.654,SUCCESS,-1
128,96,21,100,0,10,4,16,1,24,194,12.988,11.684,SUCCESS,-1
128,96,21,100,0,10,4,32,1,24,194,13.98,12.773,SUCCESS,-1
128,96,21,100,0,10,4,64,1,24,194,15.946,14.751,SUCCESS,-1
128,96,21,100,0,10,4,128,1,24,194,17.807,16.564,SUCCESS,-1
128,96,21,100,0,10,4,256,1,24,194,16.511,15.327,SUCCESS,-1
128,96,21,100,0,10,8,2,1,24,194,11.293,10.123,SUCCESS,-1
128,96,21,100,0,10,8,4,1,24,194,11.065,9.936,SUCCESS,-1
128,96,21,100,0,10,8,8,1,24,194,11.61,10.413,SUCCESS,-1
128,96,21,100,0,10,8,16,1,24,194,13.269,12.117,SUCCESS,-1
128,96,21,100,0,10,8,32,1,24,194,13.649,12.463,SUCCESS,-1
128,96,21,100,0,10,8,64,1,24,194,14.747,13.528,SUCCESS,-1
128,96,21,100,0,10,8,128,1,24,194,15.158,14.012,SUCCESS,-1
128,96,21,100,0,10,16,1,1,24,194,11.321,10.081,SUCCESS,-1
128,96,21,100,0,10,16,2,1,24,194,11.47,10.25,SUCCESS,-1
128,96,21,100,0,10,16,4,1,24,194,11.465,10.334,SUCCESS,-1
128,96,21,100,0,10,16,8,1,24,194,11.541,10.353,SUCCESS,-1
128,96,21,100,0,10,16,16,1,24,194,13.409,12.22,SUCCESS,-1
128,96,21,100,0,10,16,32,1,24,194,13.552,12.394,SUCCESS,-1
128,96,21,100,0,10,16,64,1,24,194,20.112,18.972,SUCCESS,-1
128,96,21,100,0,10,32,1,1,24,194,10.982,9.772,SUCCESS,-1
128,96,21,100,0,10,32,2,1,24,194,11.383,10.157,SUCCESS,-1
128,96,21,100,0,10,32,4,1,24,194,12.234,10.894,SUCCESS,-1
128,96,21,100,0,10,32,8,1,24,194,12.103,10.912,SUCCESS,-1
128,96,21,100,0,10,32,16,1,24,194,13.69,12.529,SUCCESS,-1
128,96,21,100,0,10,32,32,1,24,194,13.6,12.464,SUCCESS,-1
128,96,21,100,0,10,64,1,1,24,194,11.935,10.651,SUCCESS,-1
128,96,21,100,0,10,64,2,1,24,194,11.379,10.105,SUCCESS,-1
128,96,21,100,0,10,64,4,1,24,194,11.996,10.846,SUCCESS,-1
128,96,21,100,0,10,64,8,1,24,194,12.1,10.917,SUCCESS,-1
128,96,21,100,0,10,64,16,1,24,194,14.403,12.673,SUCCESS,-1
128,96,21,100,0,11,1,16,1,24,194,11.241,10.042,SUCCESS,-1
128,96,21,100,0,11,1,32,1,24,194,11.076,9.89,SUCCESS,-1
128,96,21,100,0,11,1,64,1,24,194,12.073,10.926,SUCCESS,-1
128,96,21,100,0,11,1,128,1,24,194,11.835,10.639,SUCCESS,-1
128,96,21,100,0,11,1,256,1,24,194,13.885,12.616,SUCCESS,-1
128,96,21,100,0,11,1,512,1,24,194,12.12,10.952,SUCCESS,-1
128,96,21,100,0,11,1,1024,1,24,194,11.926,10.732,SUCCESS,-1
128,96,21,100,0,11,2,8,1,24,194,12.045,10.842,SUCCESS,-1
128,96,21,100,0,11,2,16,1,24,194,11.137,10.037,SUCCESS,-1
128,96,21,100,0,11,2,32,1,24,194,14.559,13.333,SUCCESS,-1
128,96,21,100,0,11,2,64,1,24,194,14.46,13.287,SUCCESS,-1
128,96,21,100,0,11,2,128,1,24,194,13.767,12.6,SUCCESS,-1
128,96,21,100,0,11,2,256,1,24,194,13.953,12.767,SUCCESS,-1
128,96,21,100,0,11,2,512,1,24,194,19.126,17.682,SUCCESS,-1
128,96,21,100,0,11,4,4,1,24,194,11.784,10.592,SUCCESS,-1
128,96,21,100,0,11,4,8,1,24,194,12.452,11.34,SUCCESS,-1
128,96,21,100,0,11,4,16,1,24,194,14.353,13.17,SUCCESS,-1
128,96,21,100,0,11,4,32,1,24,194,12.631,11.489,SUCCESS,-1
128,96,21,100,0,11,4,64,1,24,194,13.25,12.115,SUCCESS,-1
128,96,21,100,0,11,4,128,1,24,194,15.743,14.466,SUCCESS,-1
128,96,21,100,0,11,4,256,1,24,194,15.826,14.578,SUCCESS,-1
128,96,21,100,0,11,8,2,1,24,194,18.117,16.978,SUCCESS,-1
128,96,21,100,0,11,8,4,1,24,194,29.13,27.925,SUCCESS,-1
128,96,21,100,0,11,8,8,1,24,194,26.036,24.814,SUCCESS,-1
128,96,21,100,0,11,8,16,1,24,194,25.652,24.468,SUCCESS,-1
128,96,21,100,0,11,8,32,1,24,194,30.067,28.877,SUCCESS,-1
128,96,21,100,0,11,8,64,1,24,194,37.361,36.154,SUCCESS,-1
128,96,21,100,0,11,8,128,1,24,194,31.003,29.862,SUCCESS,-1
128,96,21,100,0,11,16,1,1,24,194,24.145,23.031,SUCCESS,-1
128,96,21,100,0,11,16,2,1,24,194,19.131,17.912,SUCCESS,-1
128,96,21,100,0,11,16,4,1,24,194,19.008,17.838,SUCCESS,-1
128,96,21,100,0,11,16,8,1,24,194,25.132,23.952,SUCCESS,-1
128,96,21,100,0,11,16,16,1,24,194,25.79,24.651,SUCCESS,-1
128,96,21,100,0,11,16,32,1,24,194,26.23,25.061,SUCCESS,-1
128,96,21,100,0,11,16,64,1,24,194,39.719,38.556,SUCCESS,-1
128,96,21,100,0,11,32,1,1,24,194,20.839,19.654,SUCCESS,-1
128,96,21,100,0,11,32,2,1,24,194,24.512,23.387,SUCCESS,-1
128,96,21,100,0,11,32,4,1,24,194,22.031,20.829,SUCCESS,-1
128,96,21,100,0,11,32,8,1,24,194,25.891,24.733,SUCCESS,-1
128,96,21,100,0,11,32,16,1,24,194,22.177,21.007,SUCCESS,-1
128,96,21,100,0,11,32,32,1,24,194,31.667,30.427,SUCCESS,-1
128,96,21,100,0,11,64,1,1,24,194,20.034,18.839,SUCCESS,-1
128,96,21,100,0,11,64,2,1,24,194,24.332,23.217,SUCCESS,-1
128,96,21,100,0,11,64,4,1,24,194,26.284,25.154,SUCCESS,-1
128,96,21,100,0,11,64,8,1,24,194,22.686,21.548,SUCCESS,-1
128,96,21,100,0,11,64,16,1,24,194,22.704,21.463,SUCCESS,-1
128,96,21,100,0,12,1,16,1,24,194,12.649,11.456,SUCCESS,-1
128,96,21,100,0,12,1,32,1,24,194,12.103,10.935,SUCCESS,-1
128,96,21,100,0,12,1,64,1,24,194,13.204,11.964,SUCCESS,-1
128,96,21,100,0,12,1,128,1,24,194,13.225,11.919,SUCCESS,-1
128,96,21,100,0,12,1,256,1,24,194,13.161,11.939,SUCCESS,-1
128,96,21,100,0,12,1,512,1,24,194,12.711,11.594,SUCCESS,-1
128,96,21,100,0,12,1,1024,1,24,194,12.743,11.576,SUCCESS,-1
128,96,21,100,0,12,2,8,1,24,194,12.257,11.059,SUCCESS,-1
128,96,21,100,0,12,2,16,1,24,194,13.56,12.381,SUCCESS,-1
128,96,21,100,0,12,2,32,1,24,194,12.899,11.295,SUCCESS,-1
128,96,21,100,0,12,2,64,1,24,194,14.229,13.014,SUCCESS,-1
128,96,21,100,0,12,2,128,1,24,194,13.738,12.523,SUCCESS,-1
128,96,21,100,0,12,2,256,1,24,194,12.744,11.568,SUCCESS,-1
128,96,21,100,0,12,2,512,1,24,194,13.267,11.837,SUCCESS,-1
128,96,21,100,0,12,4,4,1,24,194,13.42,12.255,SUCCESS,-1
128,96,21,100,0,12,4,8,1,24,194,12.305,11.168,SUCCESS,-1
128,96,21,100,0,12,4,16,1,24,194,13.124,11.852,SUCCESS,-1
128,96,21,100,0,12,4,32,1,24,194,13.589,12.417,SUCCESS,-1
128,96,21,100,0,12,4,64,1,24,194,13.951,12.723,SUCCESS,-1
128,96,21,100,0,12,4,128,1,24,194,16.652,15.402,SUCCESS,-1
128,96,21,100,0,12,4,256,1,24,194,16.688,15.488,SUCCESS,-1
128,96,21,100,0,12,8,2,1,24,194,11.117,9.961,SUCCESS,-1
128,96,21,100,0,12,8,4,1,24,194,11.236,10.035,SUCCESS,-1
128,96,21,100,0,12,8,8,1,24,194,11.558,10.4,SUCCESS,-1
128,96,21,100,0,12,8,16,1,24,194,11.675,10.471,SUCCESS,-1
128,96,21,100,0,12,8,32,1,24,194,14.313,13.013,SUCCESS,-1
128,96,21,100,0,12,8,64,1,24,194,14.401,13.179,SUCCESS,-1
128,96,21,100,0,12,8,128,1,24,194,14.147,13.006,SUCCESS,-1
128,96,21,100,0,12,16,1,1,24,194,10.967,9.789,SUCCESS,-1
128,96,21,100,0,12,16,2,1,24,194,11.354,10.222,SUCCESS,-1
128,96,21,100,0,12,16,4,1,24,194,11.101,9.921,SUCCESS,-1
128,96,21,100,0,12,16,8,1,24,194,11.74,10.434,SUCCESS,-1
128,96,21,100,0,12,16,16,1,24,194,15.368,14.085,SUCCESS,-1
128,96,21,100,0,12,16,32,1,24,194,15.143,13.796,SUCCESS,-1
128,96,21,100,0,12,16,64,1,24,194,17.846,16.626,SUCCESS,-1
128,96,21,100,0,12,32,1,1,24,194,11.078,9.915,SUCCESS,-1
128,96,21,100,0,12,32,2,1,24,194,11.424,10.183,SUCCESS,-1
128,96,21,100,0,12,32,4,1,24,194,12.314,10.977,SUCCESS,-1
128,96,21,100,0,12,32,8,1,24,194,12.204,11.023,SUCCESS,-1
128,96,21,100,0,12,32,16,1,24,194,13.862,12.55,SUCCESS,-1
128,96,21,100,0,12,32,32,1,24,194,13.879,12.686,SUCCESS,-1
128,96,21,100,0,12,64,1,1,24,194,11.756,10.54,SUCCESS,-1
128,96,21,100,0,12,64,2,1,24,194,11.859,10.622,SUCCESS,-1
128,96,21,100,0,12,64,4,1,24,194,14.054,12.82,SUCCESS,-1
128,96,21,100,0,12,64,8,1,24,194,12.613,11.372,SUCCESS,-1
128,96,21,100,0,12,64,16,1,24,194,14.186,12.936,SUCCESS,-1
128,96,21,100,0,13,1,1,882,24,194,-0,-0,FAIL,0
128,96,21,100,0,14,128,1,1,24,194,14.768,12.199,SUCCESS,-1
128,96,21,100,0,14,256,1,1,24,194,-0,-0,FAIL,0
128,96,21,100,0,14,512,1,1,24,194,-0,-0,FAIL,0
128,96,21,100,0,14,1024,1,1,24,194,-0,-0,FAIL,0
128,96,21,100,0,15,1,16,1,24,194,14.151,12.648,SUCCESS,-1
128,96,21,100,0,15,1,32,1,24,194,17.743,16.312,SUCCESS,-1
128,96,21,100,0,15,1,64,1,24,194,14.099,12.199,SUCCESS,-1
128,96,21,100,0,15,1,128,1,24,194,14.491,12.3,SUCCESS,-1
128,96,21,100,0,15,1,256,1,24,194,11.313,10.093,SUCCESS,-1
128,96,21,100,0,15,1,512,1,24,194,13.992,12.673,SUCCESS,-1
128,96,21,100,0,15,1,1024,1,24,194,14.255,12.954,SUCCESS,-1
128,96,21,100,0,15,2,8,1,24,194,12.764,11.479,SUCCESS,-1
128,96,21,100,0,15,2,16,1,24,194,12.937,11.672,SUCCESS,-1
128,96,21,100,0,15,2,32,1,24,194,13.918,12.24,SUCCESS,-1
128,96,21,100,0,15,2,64,1,24,194,15.77,14.527,SUCCESS,-1
128,96,21,100,0,15,2,128,1,24,194,16.203,14.844,SUCCESS,-1
128,96,21,100,0,15,2,256,1,24,194,14.767,12.806,SUCCESS,-1
128,96,21,100,0,15,2,512,1,24,194,14.014,12.732,SUCCESS,-1
128,96,21,100,0,15,4,4,1,24,194,15.138,13.763,SUCCESS,-1
128,96,21,100,0,15,4,8,1,24,194,18.074,16.55,SUCCESS,-1
128,96,21,100,0,15,4,16,1,24,194,13.906,12.627,SUCCESS,-1
128,96,21,100,0,15,4,32,1,24,194,12.977,11.771,SUCCESS,-1
128,96,21,100,0,15,4,64,1,24,194,16.563,15.081,SUCCESS,-1
128,96,21,100,0,15,4,128,1,24,194,14.443,12.923,SUCCESS,-1
128,96,21,100,0,15,4,256,1,24,194,17.081,15.634,SUCCESS,-1
128,96,21,100,0,15,8,2,1,24,194,23.403,21.691,SUCCESS,-1
128,96,21,100,0,15,8,4,1,24,194,26.58,25.238,SUCCESS,-1
128,96,21,100,0,15,8,8,1,24,194,22.987,21.549,SUCCESS,-1
128,96,21,100,0,15,8,16,1,24,194,26.51,24.829,SUCCESS,-1
128,96,21,100,0,15,8,32,1,24,194,26.314,25.02,SUCCESS,-1
128,96,21,100,0,15,8,64,1,24,194,27.568,26.266,SUCCESS,-1
128,96,21,100,0,15,8,128,1,24,194,39.386,38.143,SUCCESS,-1
128,96,21,100,0,15,16,1,1,24,194,29.699,26.793,SUCCESS,-1
128,96,21,100,0,15,16,2,1,24,194,21.507,19.657,SUCCESS,-1
128,96,21,100,0,15,16,4,1,24,194,21.073,19.802,SUCCESS,-1
128,96,21,100,0,15,16,8,1,24,194,19.332,17.963,SUCCESS,-1
128,96,21,100,0,15,16,16,1,24,194,27.944,26.661,SUCCESS,-1
128,96,21,100,0,15,16,32,1,24,194,33.173,31.492,SUCCESS,-1
128,96,21,100,0,15,16,64,1,24,194,40.526,39.186,SUCCESS,-1
128,96,21,100,0,15,32,1,1,24,194,19.994,18.623,SUCCESS,-1
128,96,21,100,0,15,32,2,1,24,194,22.647,21.371,SUCCESS,-1
128,96,21,100,0,15,32,4,1,24,194,21.188,19.866,SUCCESS,-1
128,96,21,100,0,15,32,8,1,24,194,24.106,21.711,SUCCESS,-1
128,96,21,100,0,15,32,16,1,24,194,23.168,21.776,SUCCESS,-1
128,96,21,100,0,15,32,32,1,24,194,32.862,31.567,SUCCESS,-1
128,96,21,100,0,15,64,1,1,24,194,20.132,18.757,SUCCESS,-1
128,96,21,100,0,15,64,2,1,24,194,22.053,20.735,SUCCESS,-1
128,96,21,100,0,15,64,4,1,24,194,27.268,26.004,SUCCESS,-1
128,96,21,100,0,15,64,8,1,24,194,28.444,26.721,SUCCESS,-1
128,96,21,100,0,15,64,16,1,24,194,22.783,21.548,SUCCESS,-1
128,96,21,100,0,16,128,1,1,24,194,16.611,13.74,SUCCESS,-1
128,96,21,100,0,16,256,1,1,24,194,13.744,12.507,SUCCESS,-1
128,96,21,100,0,16,512,1,1,24,194,15.117,13.884,SUCCESS,-1
128,96,21,100,0,16,1024,1,1,24,194,-0,-0,FAIL,0
128,96,21,100,0,17,128,1,1,24,194,18.184,15.194,SUCCESS,-1
128,96,21,100,0,17,256,1,1,24,194,18.26,16.802,SUCCESS,-1
128,96,21,100,0,17,512,1,1,24,194,16.374,14.666,SUCCESS,-1
128,96,21,100,0,17,1024,1,1,24,194,22.691,21.369,SUCCESS,-1
128,96,21,100,0,18,128,1,1,24,194,14.221,12.386,SUCCESS,-1
128,96,21,100,0,18,256,1,1,24,194,14.216,12.873,SUCCESS,-1
128,96,21,100,0,18,512,1,1,24,194,13.707,11.972,SUCCESS,-1
128,96,21,100,0,18,1024,1,1,24,194,13.947,12.653,SUCCESS,-1
128,96,21,100,0,19,1,128,24,24,194,7.221,6.294,SUCCESS,-1
128,96,21,100,0,20,1,128,24,24,194,14.67,12.814,SUCCESS,-1
128,96,21,100,0,21,1,128,24,24,194,14.117,12.695,SUCCESS,-1
128,96,21,100,0,22,1,128,24,24,194,16.274,14.35,SUCCESS,-1
128,96,21,100,0,23,128,1,16,24,194,-0,-0,FAIL,0
128,96,21,100,0,24,128,1,24,24,194,24.38,23.196,SUCCESS,-1
